"Author_ID,Book_ISSN,Place_of_Publication,Year_of_Publication,Category,TotalSales"
"13265,821631078-1,Tokyo,1964,Fantasy,14562.23"
"46875,506970332-3,NY,2007,Fantasy,57767.94"
"33339,682297776-7,london,1973,Horror,11704.38"
"46875,460648890-5,london,1975,Fantasy,43632.71"
"5487,326396560-3,NY,1976,Horror,54414.4"
"12235,970829431-4,NY,2005,Action,24039.45"
"785,209861698-8,Paris,1964,Fantasy,9252.37"
"12235,306797154-X,New York,1991,Horror,26073.78"
"1464,734548697-4,toKyo,1975,Horror,17733.93"
"5487,281588739-8,New York,1984,Mystery,25847.22"
"785,977781385-6,toKyo,1995,Horror,8939.42"
"1464,288341277-4,New York,2021,Action,20613.61"
"23628,420742011-8,Paris,1966,Action,49053.01"
"2323,141894880-2,London,2013,Adventure,13577.38"
"13265,396573832-1,NY,2010,Adventure,55941.7"
"46875,181488304-5,toKyo,2007,Action,29469.84"
"2566,396302072-5,toKyo,1978,Horror,9046.51"
"2323,686339889-3,New York,2012,Adventure,8601.47"
"46875,837337693-3,Paris,1981,Horror,54863.4"
"46875,454273704-7,New York,1958,Horror,11579"
"1464,997297612-2,London,2008,Adventure,27880.56"
"565,848885389-0,NY,1957,Adventure,27718.82"
"12235,906966249-3,London,2008,Adventure,52101.71"
"565,331966183-3,Paris,1955,Horror,22273.14"
"13265,838223046-6,New York,1999,Mystery,"
"1464,931970875-4,Paris,2007,Fantasy,39310.81"
"5487,373972642-3,london,1963,Action,8955.48"
"5487,434266229-9,Tokyo,1975,Mystery,44893.01"
"785,184485420-5,london,1958,,11672.72"
"9899,985418308-4,toKyo,1959,Mystery,6447.22"
"65569,780888429-4,london,1958,Mystery,22040.24"
"565,194963670-4,New York,2021,Mystery,29379.87"
"785,900447604-0,New York,1999,Adventure,50975.65"
"46875,993935459-2,Tokyo,1998,Action,24862.29"
"5487,402564026-0,Paris,1973,Horror,19144.45"
"656,997948330-X,NY,1952,Fantasy,48302.37"
"1235,718035155-5,london,1954,Mystery,46266.46"
"656,994895096-8,NY,2010,Adventure,40079.4"
"785,531365867-0,New York,1969,Fantasy,39476.51"
"33339,949182412-0,Tokyo,2016,Action,54906.65"
"65569,000166266-X,toKyo,2011,Adventure,15563.9"
"33339,208653538-4,London,1960,Action,46549.58"
"23628,742047827-9,london,1972,Action,6221.07"
"565,780272600-X,London,1956,Horror,6557.74"
"12235,595818935-2,toKyo,2002,Action,47836.13"
"565,832898354-0,london,1972,Fantasy,54802.31"
"33339,317116642-9,London,1978,,59461.5"
"785,754515173-9,NY,2014,Action,"
"785,334913324-X,Paris,1979,Mystery,5877.08"
"1464,309550502-7,Paris,1983,Action,53050.96"
"1235,735918845-8,Paris,2006,Mystery,39467.71"
"5487,497219764-1,Paris,1999,Adventure,56271.73"
"23628,569264159-3,NY,1995,Action,59575.98"
"23628,813589480-5,Tokyo,2020,Horror,30827.61"
"656,876231060-7,london,1977,Action,16842.37"
"23628,800564869-3,New York,1957,Adventure,41713.91"
"565,092791591-X,london,1985,Action,55253.89"
"565,780412499-6,london,1994,Adventure,6443.42"
"65569,629943791-X,Paris,1958,Action,22427.48"
"5487,034773172-4,toKyo,1961,Horror,28308.99"
"785,814754106-6,toKyo,1978,Adventure,44513.41"
"23628,225508569-0,Paris,1967,Mystery,27198.01"
"1464,971067641-5,London,1998,Adventure,44137.59"
"656,440717501-X,Tokyo,1983,Mystery,50605.36"
"2323,512320650-7,toKyo,2002,Adventure,40657.78"
"23628,607724319-1,NY,1967,Mystery,59817.09"
"2566,740527187-1,NY,2020,Mystery,33602.77"
"9899,725536025-4,NY,1994,Fantasy,22666.24"
"33339,970183115-2,toKyo,2017,Action,38187.75"
"23628,762936421-0,toKyo,2006,Fantasy,58070.5"
"9899,407356344-0,london,1952,Mystery,11519.01"
"12235,049998458-7,New York,1979,Mystery,53335.99"
"565,067370298-7,NY,1965,Horror,52524.13"
"1235,585748686-6,london,1970,Fantasy,900000"
"12235,984289159-3,Paris,1954,Mystery,23878.3"
"13265,317979064-4,London,1979,Mystery,47507.78"
"785,155982830-7,Paris,1985,Adventure,45703.51"
"656,069837297-2,London,1982,Fantasy,7825635"
"2566,798401021-8,New York,2012,Fantasy,23627.82"
"65569,910149975-0,Paris,1990,Horror,18649.6"
"12235,986904863-3,NY,1989,Mystery,1369999"
"2566,616831013-4,london,1969,Horror,42080.79"
"2323,771208183-2,London,2004,Adventure,23835.42"
"33339,270771675-8,NY,1988,Mystery,10194.37"
"13265,144060248-4,london,1963,Mystery,32102.07"
"13265,364803742-0,toKyo,1992,Action,54362.71"
"5487,350242800-X,toKyo,1981,Fantasy,7941.49"
"785,185748814-8,Tokyo,1951,Mystery,23424.08"
"565,980138249-X,NY,1956,Adventure,56555.4"
"33339,423232816-5,toKyo,1970,Horror,7431.47"
"1464,960415606-3,New York,1992,Horror,5964.47"
"13265,877441310-4,Tokyo,1995,Action,6826.1"
"5487,201748562-4,NY,2006,Mystery,"
"656,884058443-9,london,2003,Mystery,51077.52"
"785,347931732-4,toKyo,1986,Horror,41742.54"
"33339,001151961-4,Paris,1969,Horror,33511.24"
"1235,445480670-5,toKyo,1965,Adventure,28354.74"
"2566,667296386-3,NY,1965,Action,12387.86"
"65569,691331699-2,toKyo,1995,Mystery,57131.9"
"46875,498338646-7,New York,1999,Mystery,55824.14"
"46875,600160194-1,NY,2020,Adventure,22608.02"
"13265,755815623-8,New York,1989,Action,56639.49"
"46875,011272614-3,london,1998,Mystery,40215.93"
"2323,737428708-9,london,1989,Action,36148.57"
"656,192394114-3,Tokyo,1987,Horror,16650"
"46875,748539592-0,London,1978,Action,38380.17"
"785,802833223-4,london,1987,Adventure,37844.65"
"12235,722059312-0,toKyo,1998,Horror,51567.45"
"13265,619118808-0,London,1963,Adventure,27393.36"
"9899,838547591-5,New York,2002,Mystery,27141.95"
"2323,683756169-3,toKyo,1975,Adventure,15415.6"
"5487,360585395-1,toKyo,2002,Adventure,11190.78"
"5487,549022017-1,toKyo,1993,Action,6057.39"
"2323,335779459-4,New York,2021,Horror,52609.96"
"785,047415607-9,NY,1997,Mystery,32214.01"
"565,763976214-6,NY,2016,,57204.74"
"1464,089177282-0,New York,2003,Action,9583.86"
"565,518847572-3,Tokyo,1965,Adventure,30237.56"
"2323,427161119-0,NY,2000,Adventure,57952.57"
"23628,375223476-8,London,2009,Action,35826.29"
"46875,552047951-8,New York,2006,Adventure,9609.48"
"13265,704976399-3,toKyo,1996,Adventure,48163.56"
"656,254479532-8,Tokyo,1998,Fantasy,46423.76"
"785,323472305-2,New York,1989,Action,47008.27"
"2323,851741290-7,london,1972,Fantasy,53256.95"
"785,902287476-1,NY,1982,Horror,17693.62"
"1235,235431172-9,Paris,1968,,19615.98"
"785,233263514-9,Paris,2011,Mystery,37361.13"
"1464,093985050-8,New York,1992,Adventure,57850.26"
"565,730606956-X,Tokyo,1979,Horror,26276.7"
"12235,150807185-3,Paris,1967,Action,45672.47"
"2566,088393307-1,london,1970,Action,26304.88"
"9899,336853509-9,Tokyo,1991,,29505.65"
"1235,470414489-5,London,2003,Horror,42737.97"
"65569,194377315-7,Tokyo,1989,Adventure,36028.81"
"2566,666768031-X,Paris,1995,Fantasy,41110.05"
"785,617714830-1,New York,1987,Adventure,59144.51"
"33339,722197782-8,toKyo,2019,Fantasy,37332.31"
"33339,848539175-6,Paris,1988,Adventure,49453.98"
"5487,466890246-2,New York,1966,Action,"
"785,762346067-6,Tokyo,2012,Fantasy,30127.6"
"1235,871189854-2,Tokyo,1984,Fantasy,42032.02"
"13265,588620729-5,toKyo,1961,Action,47133.11"
"65569,507859212-1,Paris,1981,Adventure,37124.82"
"33339,080143835-7,london,1975,Horror,"
"12235,923423854-0,Paris,1978,,22315.16"
"13265,929031152-5,Paris,2000,Fantasy,51267.03"
"785,596234656-4,New York,1971,Mystery,28504.43"
"33339,941055244-3,london,1971,Horror,57841.5"
"1464,460095272-3,toKyo,1972,Adventure,38623.23"
"9899,371334979-7,london,1955,Horror,11504.84"
"65569,599562721-X,London,1975,Horror,44519.62"
"5487,850452057-9,Tokyo,1990,Adventure,9332.39"
"13265,614680172-0,Paris,1978,Adventure,32367.6"
"785,570025628-2,Tokyo,2002,Adventure,51397.88"
"5487,645226156-8,Tokyo,2021,Mystery,8614.08"
"1464,387880977-8,toKyo,1963,Action,54158.13"
"5487,553195787-4,Tokyo,2011,Horror,12012.07"
"65569,122419705-4,toKyo,1965,Adventure,14823.49"
"5487,523425308-2,New York,1996,Fantasy,13985.34"
"9899,715644229-5,london,1973,,44499.5"
"1235,791160321-9,london,1971,Action,35332.92"
"46875,125226497-6,Paris,1952,Mystery,25367.29"
"1464,203621162-3,New York,2020,Action,37362.07"
"565,107022502-9,NY,2013,Horror,38838.97"
"9899,261434841-4,Tokyo,1954,Fantasy,18559.4"
"46875,806587028-7,toKyo,1973,Adventure,48320.63"
"2566,203920356-7,NY,2020,Fantasy,30243.92"
"9899,831384364-0,New York,1986,Horror,30938"
"2323,948702164-7,toKyo,2000,Adventure,36351.25"
"1464,342112144-3,Paris,1959,,58337.93"
"1464,567216210-X,Paris,1961,Adventure,35392.07"
"13265,800802692-8,Paris,1979,Action,28908.98"
"565,839310448-3,london,1968,Adventure,23167.21"
"656,165234843-3,Paris,1985,Adventure,11932.75"
"33339,220931421-6,Paris,1998,Mystery,26738.69"
"785,302804189-8,london,1972,Adventure,"
"9899,699791008-4,Paris,1975,Adventure,5668.28"
"2323,209396592-5,Tokyo,2006,Fantasy,34837.77"
"2566,418268417-6,london,2020,Adventure,59939.16"
"46875,104582741-X,Tokyo,1978,Mystery,36808.79"
"1235,885973702-8,toKyo,1997,Horror,24987.74"
"656,239739247-X,toKyo,2008,Adventure,45118.71"
"2323,678474319-9,toKyo,1986,Fantasy,34623.71"
"13265,065139026-5,London,2015,Action,47158.98"
"9899,313258408-8,London,1984,Horror,56023.99"
"1235,669536340-4,Tokyo,1974,Mystery,"
"2323,792414923-6,toKyo,1980,Action,7825.07"
"9899,703575818-6,New York,1962,Adventure,50076.52"
"2566,175730771-0,toKyo,1976,Adventure,23285.51"
"1235,351862145-9,Tokyo,2019,Action,41957.83"
"656,098415017-X,Tokyo,1968,Fantasy,35888.83"
"5487,630335601-X,NY,2002,Mystery,57810.36"
"65569,076471881-9,Paris,2014,Fantasy,26701.85"
"656,120923406-8,London,1981,Adventure,39260.67"
"1464,035109172-6,Paris,1988,Adventure,36393.57"
"565,630790558-1,Tokyo,1967,Mystery,8646.4"
"785,795964166-8,toKyo,1964,Action,53448.13"
"5487,636371089-8,London,1987,Action,10422.42"
"5487,570209619-3,toKyo,1999,Action,42442.95"
"656,919614357-6,toKyo,1966,Action,54718.28"
"12235,927723782-1,New York,2013,Mystery,40903.21"
"2566,966190701-3,Tokyo,1999,Action,14588.91"
"13265,080818482-2,Paris,1988,Mystery,46311.13"
"1464,015588653-3,London,1985,Adventure,57111.57"
"33339,795138495-X,Paris,1985,Action,43638.54"
"1235,899124513-7,London,1998,Fantasy,20364.29"
"2323,269879594-8,toKyo,2018,Action,31514.88"
"565,608016850-2,NY,2006,Fantasy,23210.61"
"2323,973281542-6,Tokyo,1965,Adventure,17292.43"
"12235,312384704-7,London,1997,Fantasy,34437.05"
"46875,713828331-8,Tokyo,2005,Action,51490.08"
"565,694048155-9,NY,2007,Fantasy,33228.3"
"46875,344640499-6,Tokyo,2015,,19384.11"
"656,117430629-7,london,1954,Adventure,"
"33339,908556536-7,Paris,1959,Adventure,57520.53"
"9899,519012954-3,london,1952,Horror,25328.48"
"46875,121690439-1,toKyo,2015,Horror,33291.39"
"1464,587073902-0,Tokyo,2005,Horror,36828.91"
"5487,594515185-8,london,1963,,59363.32"
"2323,830399340-2,Tokyo,1981,Fantasy,5193.86"
"565,341529834-5,toKyo,2014,Adventure,27463.3"
"13265,607805187-3,New York,1962,Adventure,53561.06"
"5487,459202855-4,Paris,1981,Action,53333.33"
"1464,462178351-3,NY,2013,Action,47841.94"
"565,223427147-9,Tokyo,2021,,14502.17"
"23628,250752669-6,london,1975,Horror,19690.26"
"1464,253684993-7,NY,2003,Action,"
"2323,552199843-8,Paris,2003,Fantasy,42153.34"
"1464,134822665-X,NY,1962,Fantasy,48201.35"
"1464,258941917-1,New York,1998,Action,17973.74"
"46875,458014195-4,toKyo,1975,Horror,19379.12"
"12235,873289588-7,toKyo,1991,Horror,17056.41"
"33339,496933406-4,london,2009,Adventure,33367.79"
"785,503040692-1,London,2015,Horror,13821.02"
"23628,101170606-7,toKyo,2017,Fantasy,20086.37"
"65569,713003667-2,Paris,2004,Horror,15196.13"
"9899,758649906-3,New York,1985,Fantasy,28630.03"
"2566,584068533-X,NY,2018,Adventure,6054.73"
"65569,956877020-8,Paris,1963,Adventure,41583.89"
"12235,689548571-6,London,2008,,33007.99"
"2566,522385576-0,New York,1953,Fantasy,33197.74"
"46875,310672975-9,toKyo,2001,Adventure,12043.45"
"23628,635768980-7,Tokyo,1988,Horror,39668.28"
"13265,109180567-9,Tokyo,2006,Fantasy,40485.84"
"785,258092594-5,Tokyo,1994,Mystery,23976.18"
"785,241837146-8,Paris,1996,,15744.57"
"656,262891809-9,toKyo,2004,Fantasy,55154.85"
"46875,555778174-9,Paris,1987,Mystery,31870.87"
"13265,784032764-8,Tokyo,2012,Adventure,54002.27"
"1464,558311889-X,toKyo,1983,Mystery,17776.89"
"785,118341831-0,NY,1971,Mystery,52192.7"
"13265,891501937-7,NY,1997,Fantasy,54346.61"
"656,394083325-8,Tokyo,2013,Adventure,19250.25"
"5487,297536408-3,Tokyo,1985,Horror,30129.36"
"1235,035376552-X,London,1978,Fantasy,18759.93"
"2323,124420164-2,Tokyo,1988,Horror,19641.06"
"1464,708383787-2,Tokyo,1986,Fantasy,40087.89"
"33339,793184647-8,toKyo,1965,Horror,18024.59"
"785,493845363-0,Tokyo,2003,Fantasy,40829.68"
"785,527884409-4,london,1955,Fantasy,52327.34"
"65569,844901996-6,NY,1964,Horror,52981.25"
"5487,516203343-X,london,1973,Action,26233.84"
"656,523504235-2,Tokyo,2012,Horror,5493.68"
"33339,256984338-5,london,1975,Fantasy,42426.75"
"785,353258402-6,Tokyo,1971,Adventure,5786.37"
"13265,642932059-6,london,1963,Adventure,49311.04"
"785,383509187-5,Paris,1998,Mystery,11083.41"
"656,497706550-6,Tokyo,1976,Mystery,27097.26"
"46875,285230701-4,New York,1967,Fantasy,17133.53"
"46875,225071344-8,London,1961,Mystery,11410.85"
"46875,531327865-7,London,1987,Action,6616.62"
"33339,615583738-4,London,1973,Adventure,32695.33"
"12235,823121864-5,Paris,1956,Mystery,14606.92"
"565,829869803-7,New York,1960,Adventure,9015.71"
"2566,191068528-3,London,1971,Action,31553.79"
"785,367430967-X,toKyo,1968,Adventure,11122.8"
"1235,187604039-4,london,1979,Fantasy,28192.11"
"33339,872668209-5,New York,1978,,15803.94"
"2323,701569504-9,Paris,2002,Mystery,10735.69"
"2323,026276123-8,Tokyo,1977,Fantasy,6176.28"
"565,386344506-6,Tokyo,1978,Action,56906.37"
"23628,831118849-1,Paris,2020,Action,37134.88"
"1235,585306946-2,london,1963,Action,7819.31"
"12235,891239493-2,london,1950,Horror,42214.11"
"65569,015637638-5,toKyo,1972,Mystery,59376.19"
"33339,996623433-0,New York,1976,Adventure,54476.51"
"1464,039660793-4,toKyo,2021,Mystery,38176.9"
"2566,053400302-8,Tokyo,1984,Horror,19573.35"
"12235,765262742-7,New York,1951,Action,20109.91"
"65569,405213194-0,London,1975,Horror,40393.54"
"1235,582670505-1,Tokyo,1956,Action,38294.24"
"65569,454613255-7,Tokyo,1993,Mystery,14109.48"
"2566,126763334-4,NY,1960,Mystery,9727.74"
"1235,252047856-X,toKyo,1967,Action,5525.06"
"785,567450408-3,London,1971,Fantasy,43770.78"
"23628,621638585-2,Paris,2011,Fantasy,42312.37"
"2323,129797998-2,London,1962,Horror,47392.56"
"565,369481588-0,toKyo,1963,Horror,54294.24"
"565,204378942-2,NY,2014,Fantasy,47871.21"
"565,508484472-2,Paris,1951,Action,53057.7"
"9899,480945303-0,Paris,1984,Fantasy,44648.35"
"2566,956628160-9,London,2016,Action,26173.62"
"2566,337458432-2,Tokyo,1985,Adventure,34959.46"
"23628,053731920-4,london,1990,Adventure,45678.54"
"656,922048550-8,toKyo,1998,Adventure,5663.05"
"33339,849722132-X,toKyo,1955,Horror,40877.56"
"13265,693306453-0,Tokyo,1964,Mystery,36995.15"
"9899,494443436-7,london,1961,,8357.76"
"65569,409453924-7,london,2001,Action,35653.4"
"13265,632514132-6,toKyo,1951,Action,32253.03"
"13265,258541993-2,Tokyo,1969,Horror,6251.48"
"33339,140766774-2,London,1973,Mystery,54698.98"
"33339,043669787-4,london,1965,Horror,46662.82"
"1464,008662917-4,London,1959,Fantasy,10272.38"
"23628,769759222-3,New York,1964,Horror,56496.82"
"23628,359420604-1,NY,1957,Adventure,40825.05"
"656,692672167-X,New York,2008,Fantasy,41966.25"
"13265,852041590-3,Tokyo,1957,Fantasy,41025.21"
"785,288853188-7,london,1982,Adventure,6865.19"
"5487,134608508-0,Paris,1963,Mystery,12977.92"
"1235,791135617-3,New York,2008,Fantasy,20640.8"
"656,494218659-5,london,1979,Fantasy,23130.14"
"12235,891188420-0,Paris,1970,Horror,50453.9"
"65569,858273879-X,Tokyo,2019,Horror,43013.75"
"13265,520524626-X,NY,1989,Fantasy,37654.17"
"33339,538599505-3,toKyo,1988,Horror,11260.82"
"23628,711998676-7,Tokyo,1972,Adventure,52047.33"
"65569,574910217-3,toKyo,2000,Action,31665.56"
"656,122607851-6,New York,1974,Action,51013.08"
"1235,279507281-5,New York,2018,Action,32405.75"
"65569,768703858-4,New York,1984,Mystery,39274.76"
"1235,279951589-4,New York,1974,Horror,8550.17"
"656,551826361-9,Tokyo,1990,Adventure,23878.44"
"2323,819187974-3,Tokyo,2010,Adventure,22228.06"
"1464,839748495-7,toKyo,1981,Adventure,5633.31"
"2323,227426705-7,London,2000,Fantasy,34454.23"
"565,878922162-1,London,1956,Horror,48969.54"
"565,421413403-6,London,1967,Adventure,43471.81"
"1464,259134394-2,New York,1980,Adventure,16724.72"
"1235,799666645-8,london,1987,Mystery,53150.25"
"33339,581592825-9,london,2008,Mystery,58389.98"
"46875,313642596-0,NY,1997,Adventure,41178.57"
"565,199190435-5,Tokyo,1955,,53927.61"
"5487,936925224-X,toKyo,1965,Action,20475.03"
"1464,698530080-4,london,2010,Horror,45121.09"
"33339,579945894-X,Paris,1966,Action,37984.22"
"5487,433714507-9,toKyo,1988,Adventure,52979.72"
"13265,103666765-0,London,1966,Fantasy,54811.46"
"9899,857663167-9,London,1968,Action,12432.7"
"23628,608666578-8,London,1960,Fantasy,45385.25"
"33339,306438435-X,Paris,1964,Fantasy,55606.98"
"2323,121394813-4,london,2001,Action,12799.4"
"33339,904045574-0,Tokyo,1963,Fantasy,39612.57"
"656,108479153-6,london,2002,Mystery,17559.27"
"2323,767598715-2,NY,1974,Mystery,23715.69"
"1235,664612990-8,New York,1950,Adventure,34225.06"
"9899,190383407-4,Paris,1999,Adventure,19204.2"
"33339,600012532-1,NY,1972,Horror,37058.66"
"65569,563634531-3,New York,1950,Mystery,31334.08"
"13265,931080205-7,Tokyo,1976,Mystery,53489.55"
"33339,040649046-5,London,2016,Horror,53613.05"
"46875,575783182-0,New York,1950,Horror,55171.11"
"2323,161042296-1,New York,2020,Adventure,52819.89"
"23628,051419870-2,London,1952,Horror,12907.28"
"9899,132354456-9,toKyo,1992,Fantasy,34105.33"
"565,240855833-6,Tokyo,2004,Horror,51399.86"
"565,747805552-4,Paris,1950,,33601.98"
"12235,966813619-5,New York,1953,Fantasy,40049.57"
"2566,853851188-2,toKyo,2020,Adventure,36062.99"
"785,128071882-X,London,1980,Adventure,32241.76"
"565,013086239-8,Tokyo,2009,Mystery,32949.98"
"1464,705784580-4,NY,2015,Mystery,20818.38"
"13265,128102600-X,Tokyo,1973,Horror,26317.32"
"2566,485231530-2,New York,1978,Mystery,15944.59"
"23628,129435251-2,toKyo,1964,,35550.24"
"656,730633970-2,London,2002,Action,29060.84"
"656,439412461-1,Paris,1958,Fantasy,15470.26"
"656,771080766-6,NY,1996,Adventure,53085.88"
"13265,406151676-0,Paris,1957,Adventure,34781.86"
"65569,391657694-1,New York,2016,Action,57117.51"
"565,105322018-9,New York,1984,Mystery,40315.41"
"1464,177816176-6,toKyo,1950,Mystery,50738.03"
"9899,880099648-5,NY,1965,Mystery,54641.77"
"9899,664157406-7,London,1972,Fantasy,47210.39"
"12235,271597135-4,London,1956,Action,28643.64"
"9899,184588674-7,NY,2019,Action,39815.13"
"12235,996116120-3,NY,1952,Horror,33525.67"
"65569,989606671-X,New York,1950,Fantasy,38717.97"
"1235,940115725-1,London,2003,Mystery,35674.21"
"565,300535201-3,Tokyo,2012,Fantasy,57711.02"
"65569,813614360-9,toKyo,1955,Mystery,18832.74"
"1464,487321060-7,london,2020,Mystery,20935.86"
"785,471037746-4,toKyo,1999,Mystery,39725.69"
"656,843528853-6,london,2007,Horror,53382.18"
"65569,327439588-9,toKyo,1961,Fantasy,5178.81"
"565,438341658-6,London,1984,Action,49173.45"
"656,411615654-X,london,1984,Adventure,54228.44"
"23628,582291815-8,Paris,2004,Fantasy,14192.99"
"785,165022081-2,Paris,1965,,40001.18"
"1464,351033237-7,london,1971,Horror,23794.55"
"2323,427375958-6,london,1988,Adventure,26062.22"
"656,105960082-X,Tokyo,1968,Fantasy,22256.8"
"65569,832959851-9,NY,2015,Mystery,48533.66"
"12235,701413521-X,toKyo,1961,Fantasy,49108.33"
"2566,153306581-0,London,2020,Mystery,57095.25"
"565,736150048-X,Tokyo,2011,Horror,47462.85"
"13265,970625898-1,NY,1976,Mystery,12248.51"
"656,890893534-7,London,1962,Adventure,41348.52"
"9899,160267492-2,NY,1992,Adventure,53580.71"
"65569,315362368-6,NY,1978,Fantasy,7704.75"
"2323,874073310-6,Tokyo,1963,Action,23358.37"
"2566,597971868-0,London,1997,Action,42045.42"
"9899,551540952-3,toKyo,1984,Mystery,18817.34"
"13265,938166054-9,toKyo,1996,Horror,40218.7"
"785,165394800-0,New York,1982,Action,33589.46"
"33339,778197088-8,NY,2011,,44229.42"
"9899,719967005-2,NY,1994,Action,34171.56"
"23628,788423371-1,london,1963,Horror,15806.13"
"656,638114436-X,Paris,1958,Fantasy,53720.86"
"656,231381769-5,London,1969,Fantasy,34978.47"
"565,304320833-1,toKyo,1967,Action,25525.49"
"12235,098857112-9,New York,2000,,50780.75"
"2323,064181253-1,London,1972,Horror,6474.12"
"33339,788837988-5,Tokyo,2009,Adventure,7346.48"
"2566,783135489-1,london,1966,Horror,9311.8"
"12235,402000670-9,New York,1960,Horror,5128.03"
"9899,199344846-2,New York,2002,Adventure,40205.9"
"2566,220531569-2,NY,1972,Fantasy,44255.39"
"656,615275024-5,NY,1998,Mystery,21866.59"
"33339,033192713-6,london,1970,Horror,15092.77"
"12235,732333021-1,london,1997,Adventure,35770.66"
"13265,974829559-1,NY,1951,Mystery,38891.67"
"46875,104812668-4,london,1987,Horror,30572.31"
"2566,993640625-7,New York,2012,Action,35377.57"
"5487,984655911-9,New York,1964,Fantasy,12197.68"
"46875,292217878-1,london,1955,Mystery,16166.6"
"46875,454223805-9,NY,2002,Fantasy,"
"12235,618607383-1,Paris,2008,Horror,53491.6"
"785,722725759-2,London,1977,Action,40997.66"
"565,210261926-5,London,2011,Horror,17930.27"
"656,463703905-3,Paris,2021,Mystery,11962.91"
"12235,649479022-4,New York,1975,Fantasy,10784.59"
"13265,768486389-4,NY,1966,Fantasy,19223.82"
"12235,044647006-6,Paris,2021,Fantasy,5099.33"
"2566,283406109-2,london,2006,Adventure,14168.05"
"2323,318419836-7,london,1950,Action,55968.39"
"5487,871033013-5,london,2001,Action,37256.42"
"23628,554087360-2,London,1975,Action,7219.37"
"23628,318548990-X,london,2012,Horror,50563.7"
"23628,649037115-4,NY,2008,Horror,8241.32"
"46875,694208334-8,Paris,1975,Horror,"
"2566,698006537-8,london,1976,Mystery,27454.32"
"1464,979269835-3,Tokyo,1977,Fantasy,43972.13"
"2566,044664620-2,Tokyo,2001,Mystery,33280.97"
"33339,997093673-5,london,1974,Action,17192.95"
"33339,653847855-7,toKyo,1969,Fantasy,50239.4"
"9899,567261316-0,London,1966,Action,45837.71"
"2566,168891575-3,Paris,1968,Fantasy,26325.55"
"13265,208489951-6,london,1962,Mystery,17747.5"
"13265,111025975-1,Tokyo,1956,Mystery,56790.71"
"12235,379076326-8,London,1960,Mystery,56958.25"
"1464,785844748-3,London,1995,Action,37546.42"
"2323,693759502-6,London,1989,Action,22755.65"
"12235,092617743-5,Paris,2008,Mystery,5198.34"
"13265,487452444-3,toKyo,2001,Horror,36739.18"
"2566,581177304-8,London,1966,Action,59958.83"
"12235,635599846-2,London,1999,Mystery,52636.83"
"785,997353348-8,Paris,2000,Fantasy,50509.19"
"1235,419841128-X,Tokyo,1962,Action,20096.49"
"2566,948494548-1,NY,2002,Adventure,31995.56"
"1464,930274713-1,New York,1972,Action,23482.95"
"65569,613740817-5,New York,1974,Fantasy,"
"1235,427061388-2,New York,1968,Horror,34253.22"
"1235,427937862-2,NY,2014,Action,10883.6"
"2323,207885226-0,Tokyo,2015,Action,14776.15"
"13265,430263359-X,London,1975,Action,23049.31"
"2566,839484138-4,NY,1967,Mystery,10622.48"
"656,945999649-3,london,1994,Horror,19532.95"
"2566,333425928-5,toKyo,1984,Adventure,"
"1464,525637199-1,NY,1982,Horror,32590.54"
"785,055808143-6,toKyo,2020,Mystery,38977.06"
"785,237708890-2,New York,1951,Horror,44153.93"
"1464,041042084-0,New York,1954,Mystery,15803.81"
"12235,847994500-1,toKyo,1996,Action,35916.64"
"65569,444457690-1,London,1964,Mystery,58877.56"
"2323,489838125-1,toKyo,1981,Adventure,42186.6"
"1235,128713329-0,NY,1972,Horror,"
"785,976274303-2,Tokyo,2015,,57921.43"
"5487,829930766-X,Tokyo,2020,Horror,11166.16"
"2566,276935830-8,NY,1980,Mystery,17836.56"
"9899,887569458-3,Paris,2014,Adventure,57171.59"
"5487,131305345-7,London,1967,Fantasy,"
"9899,127162714-0,Tokyo,1963,Adventure,25036.04"
"1464,490605849-3,New York,1973,Adventure,28841.12"
"33339,495488150-1,NY,1986,Action,51356.49"
"656,988664700-0,NY,2006,Horror,43753.12"
"1464,003477983-3,toKyo,2013,,37735.47"
"2566,186260780-X,toKyo,2006,Adventure,14448.96"
"13265,456330092-6,london,2006,Horror,46451.96"
"9899,095288034-2,Paris,1983,Horror,20408.52"
"33339,358762226-4,Tokyo,2006,Horror,46687.81"
"1235,990691832-2,Tokyo,2008,Adventure,40171.61"
"565,583115539-0,New York,1963,Action,30441.48"
"785,357488649-7,NY,1952,Fantasy,11072.76"
"1464,146000046-3,Paris,1953,Horror,49629.86"
"785,438854407-8,london,1990,Horror,57586.22"
"1235,389266433-1,Paris,1994,Mystery,47811.74"
"1235,841127404-7,london,1972,Horror,25412.73"
"656,077889296-4,toKyo,2021,Horror,47140.25"
"656,985808149-9,Tokyo,1974,Fantasy,9795.93"
"2566,694702086-7,NY,1977,Mystery,56559.18"
"565,411780571-1,Paris,1974,Adventure,34497.66"
"1235,945433085-3,London,1956,Fantasy,7882.61"
"13265,299719568-3,New York,1981,Mystery,17348.02"
"1235,139900858-7,toKyo,1983,Horror,46615.05"
"33339,724846649-2,NY,1978,Horror,30715.6"
"1235,928527164-2,Paris,2017,Horror,"
"1464,285830618-4,New York,1975,Mystery,59302.23"
"656,983315991-5,london,1977,Adventure,33307.68"
"46875,536035725-8,Paris,1962,Adventure,36300.81"
"5487,422125124-7,Paris,1999,Action,31355.43"
"1235,227974477-5,London,1972,Adventure,13775.75"
"33339,138102931-0,toKyo,2007,Horror,6769.28"
"12235,286346359-4,NY,1957,Horror,53290.93"
"656,986826377-8,london,2008,Horror,29634.63"
"2323,317076931-6,London,1982,,13710.77"
"46875,963762259-4,NY,2020,Fantasy,55880"
"656,109845320-4,Paris,1968,Action,13549.81"
"1464,325739528-0,NY,1991,Horror,11435.58"
"13265,877825812-X,Tokyo,2007,Horror,44222.73"
"23628,612278423-0,New York,1991,Fantasy,45986.04"
"565,004186474-3,New York,1976,Mystery,50113.08"
"5487,589621051-5,London,1971,Action,14878.22"
"23628,394056139-8,Paris,1993,Action,36413.79"
"2323,043552192-6,london,2019,,46460.65"
"785,966358986-8,london,2017,Horror,58996.99"
"13265,105079759-0,Tokyo,2006,Mystery,52117.18"
"9899,265487341-2,toKyo,2011,Mystery,55743.28"
"12235,645545759-5,Tokyo,1958,Mystery,23480.52"
"1464,995955083-4,toKyo,1952,Fantasy,52584.37"
"2323,120423340-3,toKyo,2000,Fantasy,21231.87"
"33339,768123341-5,New York,2021,Action,41186.24"
"656,829195979-X,london,1967,Adventure,5574.54"
"785,484856311-9,NY,1962,Mystery,31952.76"
"46875,291275920-X,london,2004,Mystery,54185.9"
"5487,073875326-2,New York,1970,Action,33039.12"
"46875,911654353-X,toKyo,1984,Action,5642.37"
"12235,178697667-6,Tokyo,1995,Mystery,42073.78"
"2323,652786458-2,NY,1965,Action,15324.64"
"12235,316586270-2,Tokyo,1984,Fantasy,47768.9"
"13265,239042186-5,toKyo,1960,Horror,15115.76"
"46875,980728434-1,Paris,1992,,42729.93"
"656,375687456-7,london,1956,Action,47119.17"
"1464,856056104-8,NY,2021,Adventure,5403.23"
"5487,040656175-3,Tokyo,1984,Action,14469.34"
"1235,223478551-0,Paris,2003,Horror,50399.87"
"656,651541862-0,Paris,2005,Mystery,"
"2566,757146930-9,London,1953,Action,28598.56"
"2566,598950989-8,NY,1965,Horror,13480.38"
"46875,651606508-X,New York,1970,Adventure,36416.52"
"1464,433594500-0,London,1980,Horror,21776.02"
"65569,383518579-9,Paris,2009,Horror,26680.35"
"12235,620157729-7,London,2011,Horror,15410.31"
"565,380433844-5,NY,1961,Mystery,58331.28"
"23628,791474840-4,Tokyo,1982,Mystery,40679.47"
"656,379609461-9,Paris,1973,Mystery,52200.05"
"65569,030079545-9,Paris,1955,Action,8868.36"
"13265,643330353-6,NY,1962,Mystery,19243.38"
"5487,653466225-6,NY,1965,Horror,45812.6"
"33339,530571616-0,Tokyo,2007,Horror,23131.71"
"656,504535087-0,NY,1963,Mystery,29106.49"
"2566,747672459-3,toKyo,2013,Fantasy,37905.95"
"33339,207461868-9,Tokyo,2002,Fantasy,56746.99"
"565,881121118-2,New York,2012,Horror,12146.02"
"2323,807557585-7,New York,1953,Action,14580.08"
"5487,237165372-1,london,1978,Horror,55420.1"
"33339,761607991-1,Tokyo,1962,Horror,5480.23"
"33339,092342494-6,Paris,1974,Mystery,22938.58"
"1235,125463203-4,London,1953,Action,27569.5"
"565,109820687-8,Paris,1966,Fantasy,46276.7"
"565,069978251-1,Paris,1983,Horror,16800.47"
"2323,352518477-8,toKyo,1997,,29256.66"
"1464,247145402-X,NY,1970,Mystery,16730.47"
"1464,280128465-3,New York,1950,Mystery,11249.88"
"12235,708612295-5,toKyo,1979,Mystery,51956.07"
"2566,571381802-0,London,1970,Mystery,58507.29"
"565,562075139-2,New York,1991,Fantasy,26011.47"
"656,192852917-8,toKyo,1995,,41167.08"
"2566,200484821-9,toKyo,2000,Horror,23121.19"
"23628,921090061-8,Tokyo,1973,Adventure,47328.97"
"785,178398087-7,Paris,1978,Fantasy,51628.12"
"2566,379446049-9,Tokyo,1970,Horror,11663.65"
"2566,054318352-1,toKyo,1998,Mystery,12070.57"
"23628,282223268-7,London,1995,Action,50693.52"
"12235,705547174-5,London,1988,Action,57332.51"
"2566,658938590-4,toKyo,1994,Horror,13554.62"
"565,930230313-6,London,1984,Fantasy,10593.07"
"656,759687217-4,Tokyo,2014,Action,12739.55"
"656,781214116-0,NY,1953,Adventure,7195.67"
"12235,220738356-3,London,1999,Action,36920.01"
"785,648361574-4,New York,1975,Horror,19122.44"
"1235,953034129-6,Tokyo,1996,Horror,"
"46875,164546571-3,toKyo,2001,Adventure,39263.6"
"5487,142145183-2,Tokyo,1952,Adventure,36869.16"
"785,723321682-7,Tokyo,1971,Action,26072.52"
"785,798435837-0,Tokyo,2011,Action,17190.22"
"65569,492319954-7,New York,2004,Adventure,57449.4"
"1235,867442396-5,NY,1969,Adventure,22528.08"
"33339,512923487-1,NY,1968,Mystery,10285.56"
"33339,153646672-7,Paris,1965,Fantasy,42723.4"
"2566,875551635-1,Paris,1995,Horror,52826.53"
"785,748853461-1,New York,1956,Adventure,30907.23"
"12235,616312949-0,London,1962,Action,48610.78"
"5487,920033009-6,New York,1988,Mystery,56888.02"
"65569,439758746-9,London,1951,Adventure,42879.27"
"33339,169859475-5,NY,2015,Fantasy,59997.45"
"12235,419094538-2,london,1969,Mystery,9223.48"
"65569,171246411-6,london,2002,Fantasy,43817.44"
"2566,407512542-4,london,1955,Mystery,46100.28"
"1235,081922001-9,London,1987,Mystery,35362.96"
"565,561016037-5,london,1955,Action,15744.24"
"46875,202414008-4,london,2008,Action,49291.88"
"2566,735595558-6,Paris,2002,,55771.21"
"23628,524879507-9,Paris,1979,Fantasy,19353.77"
"46875,507796402-5,New York,1995,Fantasy,12237.07"
"656,868948702-6,Paris,1978,Action,10437.89"
"656,149080632-6,Paris,2008,Fantasy,58223.26"
"785,097407295-8,NY,1960,,42289.62"
"2566,542894384-X,New York,1965,Horror,29065.2"
"785,912052550-8,New York,1951,Fantasy,39736.14"
"565,495074682-0,NY,1982,Mystery,34779.9"
"785,474288987-8,London,1964,Horror,23218.5"
"65569,048559119-7,NY,1950,Adventure,10621.69"
"656,463220437-4,london,1958,Fantasy,8719.42"
"23628,897003142-1,NY,1982,Mystery,31863.96"
"656,352273733-4,London,2013,Horror,29715.58"
"65569,115181320-6,london,1967,Horror,59423.73"
"2566,971995025-0,toKyo,1970,Adventure,10012.7"
"5487,949869371-4,london,2007,Adventure,8632.86"
"5487,863749282-7,toKyo,1994,Action,16859.65"
"65569,244142383-5,New York,1989,Adventure,34343.59"
"656,493323271-7,Tokyo,2010,Fantasy,33564.43"
"12235,966034738-3,New York,1996,,56845.31"
"12235,378797029-0,london,2019,Horror,57117.52"
"46875,612920205-9,Tokyo,1974,Fantasy,16082.77"
"5487,421159552-0,Tokyo,1951,Fantasy,43572.67"
"2566,227321317-4,London,1975,Action,57759.61"
"12235,114508599-7,NY,1958,Adventure,20589.01"
"656,302395174-8,toKyo,1956,Adventure,18986.33"
"5487,872672664-5,Tokyo,1976,Adventure,35688.35"
"5487,045492164-0,New York,1988,Mystery,25687.52"
"65569,000488604-6,NY,2000,Action,23567.74"
"9899,334150444-3,Paris,1950,Fantasy,30577.89"
"65569,782976360-7,toKyo,1957,Action,31022.2"
"785,597212998-1,New York,2020,Action,46192.52"
"9899,339858305-9,london,1992,Horror,47934.39"
"1235,000937389-6,Paris,1953,Horror,10153.1"
"65569,431701268-5,New York,2006,Action,43159.35"
"2566,953458003-1,london,1988,Mystery,56624.6"
"13265,058210095-X,London,1963,Horror,55968.45"
"1235,113377927-1,toKyo,1960,Mystery,36940.59"
"65569,200285018-6,toKyo,1986,Horror,30742.62"
"565,164340416-4,toKyo,2018,Adventure,37062.79"
"565,235936024-8,toKyo,2010,Mystery,26296.6"
"656,930983494-3,New York,1991,Action,"
"9899,339647961-0,london,1964,Mystery,35502.47"
"33339,087870490-6,Tokyo,1979,Action,38135.36"
"46875,774497493-X,london,2012,Adventure,38130.27"
"12235,278588313-6,New York,1968,,34700.72"
"1235,233700493-7,Tokyo,1972,Fantasy,21072.83"
"33339,104699200-7,NY,1958,Mystery,19300.14"
"33339,813160072-6,london,1980,Mystery,35646.97"
"1235,650315466-6,New York,1970,Action,17444.01"
"656,752339829-4,toKyo,2016,Mystery,27204.58"
"2323,014288399-9,Paris,1965,Action,29627.52"
"33339,601933561-5,Paris,1993,Action,17113.24"
"46875,973159723-9,New York,2009,Horror,35015.58"
"65569,959901806-0,toKyo,1970,Horror,53460.9"
"13265,698844000-3,Paris,1961,Action,29801.16"
"46875,351356506-2,Tokyo,1978,Fantasy,12133.99"
"65569,763874458-6,London,1996,Adventure,57677.8"
"23628,103442230-8,New York,1977,Mystery,8483.79"
"565,371386612-0,London,1952,Action,18149.9"
"656,894081418-5,Tokyo,1993,Mystery,33307.98"
"1464,177535627-2,NY,1978,Adventure,31056.9"
"1235,221746820-0,New York,1980,Horror,58895.65"
"9899,199585257-0,Paris,2009,Adventure,37596.66"
"33339,369034349-6,New York,2001,Horror,37801.57"
"1235,072532368-X,Tokyo,2002,Mystery,57567.85"
"9899,101049995-5,toKyo,1960,Mystery,40972"
"1464,221422369-X,Tokyo,1962,Fantasy,"
"565,200784856-2,New York,1962,Action,8448.1"
"12235,533445087-4,toKyo,1974,Fantasy,9624.95"
"33339,349685353-0,NY,2021,,58200.01"
"2566,342760410-1,Tokyo,1958,Mystery,43206.45"
"33339,636008557-7,NY,1984,Fantasy,"
"13265,629492620-3,Tokyo,1954,,45820.17"
"33339,525598486-8,London,2018,Mystery,33321.54"
"565,057554002-8,London,1960,Horror,52689.01"
"2323,776182119-4,New York,2018,Adventure,8256.38"
"23628,827925672-5,Paris,1996,Adventure,9778.57"
"785,312985733-8,New York,1971,Action,22207.05"
"13265,702993265-X,London,1950,Mystery,49623.94"
"13265,075385320-5,New York,2015,Fantasy,21780.2"
"9899,301469489-4,london,1983,Horror,40358.6"
"2323,791462576-0,London,1967,Mystery,29531.29"
"65569,647383161-4,toKyo,1961,Mystery,49723.12"
"1235,308296277-7,Tokyo,2010,Mystery,11689.97"
"5487,716453776-3,NY,2010,Fantasy,39458.88"
"565,301216481-2,london,1951,Action,44715.18"
"13265,215594337-7,NY,1953,Adventure,34076.89"
"46875,724992853-8,toKyo,1976,Mystery,18524.49"
"13265,886903719-3,New York,1958,Mystery,20783.78"
"12235,211499959-9,london,1964,Horror,33834.2"
"1464,779785693-1,london,1963,Horror,24651.45"
"46875,733450795-9,Paris,1996,Mystery,14656.71"
"65569,365297727-0,London,1976,Adventure,"
"46875,632323075-5,toKyo,1984,Adventure,18229.48"
"1235,962324853-9,toKyo,1965,Mystery,27805.04"
"65569,506554739-4,toKyo,1969,Adventure,53964.09"
"12235,526371432-7,Tokyo,1983,Mystery,36183.9"
"13265,200347374-2,NY,2017,Adventure,50452.17"
"2323,225840076-7,toKyo,1970,Adventure,9823.53"
"785,817212630-1,london,1980,Mystery,48375.79"
"23628,064698536-1,NY,1963,Mystery,52655.25"
"33339,043388305-7,Tokyo,2014,Adventure,22358"
"46875,627314582-2,Tokyo,2014,Fantasy,18159.48"
"565,098458609-1,london,1987,Horror,23091.74"
"65569,469565126-2,Paris,2008,Mystery,9529.63"
"65569,391446096-2,Paris,1971,Action,40518.61"
"1464,099393715-2,London,2010,Horror,52245.68"
"46875,982349183-6,New York,1983,Action,33944.48"
"565,176418683-4,New York,1995,Mystery,44512.68"
"23628,383079907-1,london,1979,Adventure,56343.64"
"5487,434884364-3,New York,2010,Fantasy,46419.83"
"65569,791682620-8,Paris,1972,Fantasy,5299.7"
"1464,848908977-9,London,2020,Fantasy,35277.14"
"5487,934759622-1,NY,2010,Action,30513.06"
"785,945769660-3,London,1954,Horror,23451.79"
"656,084276615-4,London,2020,Fantasy,54521.69"
"33339,107339450-6,Paris,1974,Mystery,24048.89"
"33339,019001634-5,london,1958,Mystery,41928.82"
"1235,874686971-9,london,2002,Mystery,30265.83"
"65569,372917612-9,NY,2010,Adventure,25074.79"
"33339,932706944-7,Paris,1974,Horror,39877.8"
"1235,860498330-9,Paris,1953,Adventure,8369.59"
"2323,813738771-4,New York,1972,Fantasy,57956.8"
"9899,756761509-6,London,2016,Mystery,26024.42"
"9899,320323879-9,London,2017,Action,19457.73"
"656,120139527-5,london,1999,Action,40925.01"
"2566,175224595-4,london,2006,Horror,45439.14"
"2323,430367416-8,london,1968,Adventure,52658.07"
"1235,353364862-1,Paris,1987,Horror,49045.73"
"33339,237147122-4,NY,1977,Adventure,55204.32"
"33339,759448620-X,New York,1985,Action,27963.33"
"12235,920620978-7,New York,1968,Horror,32387.06"
"23628,146459105-9,New York,1984,Fantasy,59331.47"
"565,539278832-7,london,1958,Action,42073.92"
"656,534515656-5,Paris,2009,Fantasy,20007.28"
"785,711084603-2,Tokyo,1960,Action,58436.9"
"46875,248374478-8,London,1986,Mystery,47115.63"
"1235,255072226-4,Paris,1980,Mystery,40972.89"
"1464,018134553-6,NY,1969,Mystery,51544.84"
"65569,109300555-6,NY,1957,Action,18770.16"
"33339,053029569-5,toKyo,1981,Action,16880.8"
"656,816340960-6,NY,1991,Adventure,15334.45"
"2566,283257576-5,Tokyo,2013,Horror,24231.15"
"785,947464341-5,London,2000,Fantasy,27445.3"
"1235,105104460-X,london,1957,Horror,"
"46875,636905000-8,toKyo,1988,Mystery,51161.39"
"2566,796197675-2,New York,1992,Action,35505.24"
"46875,395684622-2,London,1953,Action,39058.53"
"13265,192756118-3,Tokyo,1996,Horror,55543.81"
"785,684015000-3,New York,1983,Mystery,34476.92"
"5487,877601873-3,New York,1955,Adventure,49781.15"
"33339,578348402-4,Paris,2004,Action,59519.02"
"2323,097098826-5,london,1963,Fantasy,59902.58"
"9899,872889934-2,london,1955,Action,58376.27"
"9899,915380629-8,London,1988,Fantasy,7839.61"
"46875,994155213-4,Tokyo,1968,Action,25360.93"
"9899,744365612-2,New York,2017,Horror,10522.74"
"2566,386884131-8,toKyo,1990,Mystery,"
"656,416280051-0,Tokyo,1983,Fantasy,29938.13"
"5487,908191405-7,New York,2019,Horror,53755.03"
"33339,456970101-9,NY,1977,Horror,54356.53"
"9899,872940504-1,NY,1991,Action,25491.91"
"656,188777971-X,Paris,2004,Fantasy,12495.13"
"9899,609965990-0,London,1994,Horror,44988.81"
"565,527247295-0,New York,1972,Adventure,33992"
"1464,949026330-3,toKyo,1983,Adventure,35403.69"
"46875,803782615-5,New York,2010,Adventure,24408.01"
"33339,181679433-3,London,2015,Mystery,7967.07"
"23628,771215774-X,NY,2002,Action,29782.14"
"785,276861581-1,london,1953,Action,23251.94"
"785,218066088-X,toKyo,1995,Fantasy,11022.81"
"1464,784262013-X,NY,1990,Adventure,40603.52"
"565,420228689-8,toKyo,1990,Mystery,8014.99"
"565,400879428-X,toKyo,1998,Horror,35075.31"
"23628,623100990-4,Tokyo,1952,Fantasy,56115.16"
"12235,889184446-2,london,1959,Mystery,50954.2"
"565,749499552-8,New York,1969,Horror,25573.66"
"13265,834836705-5,New York,1968,Action,19770.1"
"2323,197013595-6,NY,1955,Adventure,48922.37"
"23628,321004821-5,Paris,1968,Horror,20055.83"
"33339,412058451-8,Paris,1987,Adventure,34086.77"
"13265,445253030-3,NY,1958,Horror,28538.31"
"12235,141297790-8,toKyo,1955,Horror,20679.8"
"33339,042047621-0,NY,1961,Horror,58345.07"
"65569,333477795-2,NY,2012,Fantasy,43627.35"
"33339,694390496-5,Paris,1953,Action,19786.14"
"12235,084179729-3,NY,2008,Action,6136.9"
"13265,245058148-0,london,2020,Adventure,5134.76"
"785,642736789-7,Tokyo,1978,Horror,45519.72"
"46875,367263673-8,Paris,1981,Action,41182.11"
"65569,774162357-5,NY,2000,Action,35212.29"
"33339,681777418-7,london,1956,Action,11582.2"
"33339,593174790-7,London,1994,Horror,21864.02"
"656,565172919-4,New York,2011,Fantasy,30655.78"
"565,286881714-9,london,2005,Adventure,34347.89"
"1235,025593573-0,Tokyo,1990,Fantasy,58064.33"
"9899,780787575-5,New York,1965,Mystery,40713.11"
"1235,582199291-5,Paris,1976,Mystery,24832.5"
"1464,926780340-9,London,1970,Action,25951.7"
"656,749759543-1,toKyo,1980,Mystery,33705.92"
"65569,128857696-X,Tokyo,1959,Horror,30579.3"
"656,055998094-9,london,1952,Horror,38651.59"
"33339,901769947-7,New York,2000,Horror,38590.19"
"9899,481905887-8,Tokyo,1982,Fantasy,30973.36"
"785,181183958-4,New York,1965,Mystery,54502.14"
"5487,245213808-8,london,1962,Horror,13597.82"
"65569,177647440-6,toKyo,1987,Adventure,44002.78"
"5487,133023959-8,Paris,1986,Mystery,8639.43"
"13265,962161995-5,London,1989,Fantasy,27546.96"
"46875,742820024-5,Paris,1955,Mystery,32759.63"
"2323,817455510-2,Tokyo,1996,Horror,39027.53"
"2323,704937018-5,london,1987,Action,24613.86"
"13265,222905037-0,London,1995,Mystery,16311.09"
"9899,761914103-0,Paris,1997,Adventure,55568.9"
"2566,393752042-2,toKyo,1978,Mystery,"
"13265,580618135-9,New York,1986,Fantasy,40569.56"
"46875,856842757-X,London,2003,Adventure,32197.94"
"2566,925303309-6,London,2021,Mystery,32912.88"
"23628,274365966-1,london,1973,Horror,27883.87"
"9899,859111602-X,New York,1995,Horror,32435.7"
"2323,847904480-2,NY,2000,Adventure,10268.92"
"23628,658605208-4,London,2011,Mystery,50049.94"
"5487,530980850-7,Tokyo,1958,Action,31552.36"
"13265,888032426-8,toKyo,1994,Fantasy,22353.96"
"9899,189101126-X,Paris,1964,Adventure,45072.8"
"1464,454648073-3,NY,1991,Fantasy,56933.42"
"9899,601993405-5,Tokyo,2014,Horror,21974.97"
"5487,511088540-0,toKyo,1960,Adventure,28443.24"
"2323,916248548-2,New York,2007,Mystery,30084.02"
"5487,469271965-6,Paris,1968,Horror,45681.27"
"565,933875393-X,London,1990,Mystery,40864.1"
"2323,537495987-5,London,1996,Adventure,38117.06"
"12235,152812622-X,London,1964,Action,28842.52"
"1235,966350569-9,Tokyo,1976,Action,32804.54"
"65569,424765661-9,New York,1998,Mystery,30171.08"
"23628,366887110-8,NY,1950,Mystery,34171.95"
"1235,817007205-0,NY,2009,Horror,34831"
"46875,124719492-2,NY,1991,Adventure,55992.37"
"2566,925066376-5,london,1991,Horror,38381.71"
"9899,923959287-3,London,1966,Fantasy,27384.42"
"65569,116413607-0,Tokyo,1994,Fantasy,16026.06"
"23628,953702538-1,london,1964,Mystery,32507.86"
"46875,003760124-5,toKyo,2015,Adventure,38257.38"
"2323,873853838-5,Paris,1994,Action,40512.14"
"9899,893977681-X,New York,2006,Action,18434.5"
"656,077128260-5,Paris,1988,Action,27878.79"
"5487,497348599-3,toKyo,2013,Action,49812.15"
"23628,341022248-0,london,1982,Adventure,59932.78"
"9899,604695150-X,London,1950,Mystery,7707.05"
"12235,412867253-X,New York,1989,Horror,32983.61"
"785,077796352-3,Paris,1959,Horror,27400.02"
"33339,479727158-2,London,2019,Adventure,58456.51"
"5487,640044782-2,New York,1994,,43992.03"
"12235,063424327-6,New York,1990,Action,54520.73"
"33339,170786206-0,toKyo,1960,Mystery,15199.99"
"656,823546747-X,toKyo,1966,Fantasy,20591.22"
"2323,864445215-0,Tokyo,1990,Adventure,44908.78"
"13265,449345372-9,London,1962,Horror,24068.3"
"785,270770045-2,New York,1959,,22220.49"
"2323,702092996-6,Tokyo,1961,Horror,54882.73"
"565,691121189-1,toKyo,1978,Mystery,33500"
"785,811940598-6,Paris,1992,Horror,34893.65"
"785,535334764-1,toKyo,1978,Horror,34308.92"
"33339,637807212-4,NY,1960,Horror,23729.06"
"5487,772011395-0,London,1965,Action,52714.73"
"9899,744885779-7,london,1989,Horror,46183.96"
"656,973492341-2,london,1978,Mystery,22545.61"
"33339,552358227-1,Tokyo,1982,Horror,20292.04"
"9899,515531506-9,NY,2005,Action,15608.15"
"565,840573844-4,Tokyo,1992,Horror,21132.88"
"12235,032440617-7,london,1950,Horror,"
"65569,262756140-5,toKyo,1979,Mystery,39597.43"
"656,805234016-0,toKyo,1974,Horror,56781.02"
"1464,556585311-7,Paris,2003,Adventure,14538.68"
"2566,093603049-6,London,1955,,52037.64"
"565,026126000-6,Paris,1980,Mystery,18872.99"
"1235,069653235-2,Tokyo,2007,Mystery,12890.89"
"565,739971783-4,London,1966,Adventure,7897.89"
"46875,623009035-X,toKyo,1978,Horror,11313.92"
"65569,214776133-8,London,1950,Action,36670.43"
"2566,444316863-X,New York,1964,Mystery,38076.1"
"785,913100282-X,toKyo,2004,Mystery,"
"1235,740312372-7,New York,1979,Mystery,45363.97"
"65569,774818355-4,London,1978,Fantasy,16170"
"46875,677082916-9,New York,1986,Horror,32956.43"
"2323,914638727-7,Tokyo,1983,Adventure,26900.01"
"1235,886437929-0,london,1962,Fantasy,51787.83"
"33339,641901944-3,New York,1985,Horror,48919.46"
"12235,573199888-4,Tokyo,1952,Fantasy,47297.59"
"5487,254932165-0,London,1994,Fantasy,15568.92"
"1464,933604028-6,Paris,2009,Horror,17914.44"
"2323,405079637-6,Tokyo,2008,Fantasy,12734.51"
"33339,938356199-8,Tokyo,1978,Fantasy,59070.51"
"656,322627119-9,Paris,2003,Adventure,59027.51"
"9899,404340507-3,NY,2010,Adventure,26236.23"
"1464,840570136-2,toKyo,1961,Mystery,49730.29"
"565,486539867-8,Paris,1988,Action,50917.15"
"2323,010963269-9,Tokyo,2009,Fantasy,19817.16"
"2566,966480119-4,toKyo,1966,Horror,9183.57"
"33339,841933169-4,london,1951,Action,"
"656,207965074-2,toKyo,1968,Adventure,55923.74"
"9899,910009044-1,London,1983,Action,38265.22"
"656,309415028-4,NY,1967,Action,24621.65"
"565,507899899-3,NY,1984,Action,31514.24"
"33339,492304063-7,London,1981,Adventure,51755.47"
"1235,154160832-1,NY,1981,Action,10308.48"
"1235,571674757-4,London,1958,Adventure,34132.2"
"12235,756113766-4,toKyo,1989,Horror,5501.72"
"5487,095092183-1,New York,1962,Adventure,37732.26"
"13265,829927341-2,Paris,2006,Fantasy,35584.22"
"2566,412459610-3,toKyo,1993,Fantasy,42026.33"
"2323,208741410-6,Tokyo,2010,Fantasy,7892.64"
"9899,326302633-X,Paris,2015,Action,40619.5"
"46875,330221536-3,New York,1972,Mystery,9929.84"
"2323,610652746-6,New York,1967,Adventure,55311.17"
"5487,503942654-2,Tokyo,2004,Mystery,13401.34"
"65569,232152860-5,London,2009,Mystery,54383.19"
"33339,106666334-3,Paris,1952,Action,41116.39"
"2323,243977707-2,Paris,1990,Fantasy,43322.81"
"656,690856650-1,London,1959,Horror,51776.49"
"1464,091107814-2,NY,2011,Horror,32721.91"
"65569,678328556-1,london,1996,Mystery,36672.94"
"785,287190828-1,toKyo,1953,Fantasy,39943.09"
"12235,530641106-1,New York,1978,Action,"
"656,707098335-2,Tokyo,1967,Adventure,52878.83"
"656,337221276-2,toKyo,1990,Action,33602.12"
"2323,141148248-4,Tokyo,2020,Horror,45243.51"
"33339,849473538-1,toKyo,1954,Adventure,36686.41"
"2323,221420398-2,New York,1989,Adventure,37790.36"
"23628,912007932-X,NY,1985,Action,16910.13"
"565,095475602-9,New York,1988,Horror,59198.39"
"65569,893864327-1,Paris,1981,Adventure,23381.35"
"785,810331119-7,NY,1981,Horror,27166.19"
"2323,114685384-X,Tokyo,2021,Mystery,54219.5"
"33339,425892661-2,New York,1954,Fantasy,23998.4"
"33339,282839073-X,toKyo,1965,Horror,52959.58"
"785,955899032-9,london,1995,Fantasy,36127.53"
"65569,799959877-1,New York,2015,Adventure,"
"2323,298731874-X,london,1962,Mystery,9818.49"
"2566,724229997-7,Tokyo,1971,Horror,45501.02"
"9899,667509175-1,Tokyo,2015,Adventure,40922.66"
"23628,097342459-1,london,1986,Action,30711.53"
"2323,204833725-2,NY,2014,Fantasy,40357.64"
"1464,066071643-7,New York,1955,Action,33665.08"
"13265,376664713-X,Tokyo,2005,Fantasy,6194.64"
"23628,101646097-X,New York,1994,Fantasy,12387.5"
"5487,720677219-6,Paris,1984,Action,7451.7"
"785,454902673-1,london,2004,Action,50579.17"
"2566,835671902-X,Paris,2003,Horror,58876.3"
"2323,814070249-8,NY,1979,Action,27130.59"
"565,265049799-8,New York,1974,,20086.7"
"1235,173694416-9,London,1998,Fantasy,42540.59"
"565,078501164-1,New York,1998,Fantasy,44641.4"
"656,534543203-1,toKyo,2016,Mystery,10923.44"
"565,381428054-7,Paris,1963,Action,12677.48"
"565,240086740-2,London,2005,,56634.77"
"2323,790936305-2,Paris,1990,Horror,41288.56"
"12235,457335214-7,toKyo,2004,Fantasy,19188.88"
"46875,338516762-0,Paris,1985,Mystery,33892"
"46875,582392542-5,NY,1996,Mystery,45182.81"
"65569,189774393-9,Paris,2001,Adventure,52388.65"
"1464,378724825-0,toKyo,1993,Fantasy,14152.67"
"9899,231318022-0,NY,2011,Adventure,12299.1"
"1235,594645172-3,NY,2020,Action,18858.23"
"12235,867286401-8,toKyo,1984,Action,11073.48"
"5487,047466890-8,NY,2002,Fantasy,59982.37"
"785,866091602-6,New York,1955,Horror,22774.77"
"785,750943741-5,New York,1976,Action,15370.39"
"2566,569112342-4,New York,1972,Fantasy,34915.62"
"33339,684559449-X,London,2019,Horror,27342.98"
"9899,228735952-4,New York,2008,,59072.66"
"1235,415152280-8,toKyo,1968,Mystery,50406"
"656,943407414-2,london,2012,Mystery,59806.15"
"65569,548580913-8,New York,1970,Adventure,37332.82"
"13265,548568611-7,toKyo,1970,,18465.74"
